USE master
CREATE DATABASE PRJShop
USE PRJShop
GO
/****** Object:  Table [dbo].[Cart]    Script Date: 7/18/2022 11:51:18 AM ******/
SET ANSI_NULLS ON
GO
SET QUOTED_IDENTIFIER ON
GO
CREATE TABLE [dbo].[Cart](
	[ProductID] [int] NOT NULL,
	[CheckoutID] [int] NOT NULL,
PRIMARY KEY CLUSTERED 
(
	[ProductID] ASC,
	[CheckoutID] ASC
)WITH (PAD_INDEX = OFF, STATISTICS_NORECOMPUTE = OFF, IGNORE_DUP_KEY = OFF, ALLOW_ROW_LOCKS = ON, ALLOW_PAGE_LOCKS = ON) ON [PRIMARY]
) ON [PRIMARY]

GO
/****** Object:  Table [dbo].[Checkout]    Script Date: 7/18/2022 11:51:18 AM ******/
SET ANSI_NULLS ON
GO
SET QUOTED_IDENTIFIER ON
GO
SET ANSI_PADDING ON
GO
CREATE TABLE [dbo].[Checkout](
	[CheckoutID] [int] IDENTITY(1,1) NOT NULL,
	[FullName] [varchar](20) NULL,
	[Addresses] [varchar](100) NULL,
	[Total] [numeric](12, 0) NULL,
	[Email] [varchar](50) NULL,
	[Phone] [varchar](15) NULL,
	[DateOrder] [date] NULL,
	[UserID] [int] NULL,
PRIMARY KEY CLUSTERED 
(
	[CheckoutID] ASC
)WITH (PAD_INDEX = OFF, STATISTICS_NORECOMPUTE = OFF, IGNORE_DUP_KEY = OFF, ALLOW_ROW_LOCKS = ON, ALLOW_PAGE_LOCKS = ON) ON [PRIMARY]
) ON [PRIMARY]

GO
SET ANSI_PADDING OFF
GO
/****** Object:  Table [dbo].[Consoles]    Script Date: 7/18/2022 11:51:18 AM ******/
SET ANSI_NULLS ON
GO
SET QUOTED_IDENTIFIER ON
GO
CREATE TABLE [dbo].[Consoles](
	[ConsolesID] [int] NOT NULL,
	[ConsolesName] [nvarchar](20) NULL,
PRIMARY KEY CLUSTERED 
(
	[ConsolesID] ASC
)WITH (PAD_INDEX = OFF, STATISTICS_NORECOMPUTE = OFF, IGNORE_DUP_KEY = OFF, ALLOW_ROW_LOCKS = ON, ALLOW_PAGE_LOCKS = ON) ON [PRIMARY]
) ON [PRIMARY]

GO
/****** Object:  Table [dbo].[Genre]    Script Date: 7/18/2022 11:51:18 AM ******/
SET ANSI_NULLS ON
GO
SET QUOTED_IDENTIFIER ON
GO
CREATE TABLE [dbo].[Genre](
	[GenreID] [int] NOT NULL,
	[GenreName] [nvarchar](20) NULL,
PRIMARY KEY CLUSTERED 
(
	[GenreID] ASC
)WITH (PAD_INDEX = OFF, STATISTICS_NORECOMPUTE = OFF, IGNORE_DUP_KEY = OFF, ALLOW_ROW_LOCKS = ON, ALLOW_PAGE_LOCKS = ON) ON [PRIMARY]
) ON [PRIMARY]

GO
/****** Object:  Table [dbo].[Product]    Script Date: 7/18/2022 11:51:18 AM ******/
SET ANSI_NULLS ON
GO
SET QUOTED_IDENTIFIER ON
GO

CREATE TABLE [dbo].[Product](
	[ProductID] [int] IDENTITY(1,1) NOT NULL,
	[ProductPrice] [numeric](12, 0) NULL,
	[ProductName] [nvarchar](255) NOT NULL,
	[ProductQuantity] [int] NULL,
	[ProductDesc] [nvarchar](1000) NULL,
	[Rating] [float] NULL,
	[LinkIMG1] [nvarchar](255) NULL,
	[LinkIMG2] [nvarchar](255) NULL,
	[LinkIMG3] [nvarchar](255) NULL,
	[LinkIMG4] [nvarchar](255) NULL,
	[LinkIMG5] [nvarchar](255) NULL,
	[GenreID] [int] NULL,
	[ConsolesID] [int] NULL,
PRIMARY KEY CLUSTERED 
(
	[ProductID] ASC
)WITH (PAD_INDEX = OFF, STATISTICS_NORECOMPUTE = OFF, IGNORE_DUP_KEY = OFF, ALLOW_ROW_LOCKS = ON, ALLOW_PAGE_LOCKS = ON) ON [PRIMARY]
) ON [PRIMARY]
SET IDENTITY_INSERT [dbo].[Product] ON
GO
/****** Object:  Table [dbo].[Users]    Script Date: 7/18/2022 11:51:18 AM ******/
SET ANSI_NULLS ON
GO
SET QUOTED_IDENTIFIER ON
GO
SET ANSI_PADDING ON
GO
CREATE TABLE [dbo].[Users](
	[UserID] [int] IDENTITY(1,1) NOT NULL,
	[UserName] [varchar](50) NOT NULL UNIQUE,
	[Passwords] [varchar](MAX) NOT NULL,
	[Roles] [varchar](20) NOT NULL,
PRIMARY KEY CLUSTERED 
(
	[UserID] ASC
)WITH (PAD_INDEX = OFF, STATISTICS_NORECOMPUTE = OFF, IGNORE_DUP_KEY = OFF, ALLOW_ROW_LOCKS = ON, ALLOW_PAGE_LOCKS = ON) ON [PRIMARY]
) ON [PRIMARY]

GO
SET ANSI_PADDING OFF
GO
INSERT [dbo].[Users] ([UserName], [Passwords], [Roles]) VALUES (N'admin', N'6B86B273FF34FCE19D6B804EFF5A3F5747ADA4EAA22F1D49C01E52DDB7875B4B', N'ADMIN')
GO
INSERT [dbo].[Users] ([UserName], [Passwords], [Roles]) VALUES (N'user', N'6B86B273FF34FCE19D6B804EFF5A3F5747ADA4EAA22F1D49C01E52DDB7875B4B', N'USER')
GO
INSERT [dbo].[Consoles] ([ConsolesID], [ConsolesName]) VALUES (1, N'PC')
GO
INSERT [dbo].[Consoles] ([ConsolesID], [ConsolesName]) VALUES (2, N'Playstation')
GO
INSERT [dbo].[Consoles] ([ConsolesID], [ConsolesName]) VALUES (3, N'XBox')
GO
INSERT [dbo].[Consoles] ([ConsolesID], [ConsolesName]) VALUES (4, N'Switch')
GO
INSERT [dbo].[Genre] ([GenreID], [GenreName]) VALUES (1, N'RPG')
GO
INSERT [dbo].[Genre] ([GenreID], [GenreName]) VALUES (2, N'MMO')
GO
INSERT [dbo].[Genre] ([GenreID], [GenreName]) VALUES (3, N'FPS')
GO
INSERT [dbo].[Genre] ([GenreID], [GenreName]) VALUES (4, N'Fighting')
GO
INSERT [dbo].[Genre] ([GenreID], [GenreName]) VALUES (5, N'Metroidvania')
GO
INSERT [dbo].[Product] ([ProductID], [ProductPrice], [ProductName], [ProductQuantity], [ProductDesc], [Rating], [LinkIMG1], [LinkIMG2], [LinkIMG3], [LinkIMG4], [LinkIMG5], [GenreID], [ConsolesID]) VALUES (1, CAST(6 AS Numeric(12, 0)), N'Stardew Valley', 1, N'You''ve inherited your grandfather''s old farm plot in Stardew Valley. Armed with hand-me-down tools and a few coins, you set out to begin your new life. Can you learn to live off the land and turn these overgrown fields into a thriving home? It won''t be easy. Ever since Joja Corporation came to town, the old ways of life have all but disappeared. The community center, once the town''s most vibrant hub of activity, now lies in shambles. But the valley seems full of opportunity. With a little dedication, you might just be the one to restore Stardew Valley to greatness!', 4, N'https://steamcdn-a.akamaihd.net/steam/apps/413150/header.jpg', N'https://steamcdn-a.akamaihd.net/steam/apps/413150/ss_b887651a93b0525739049eb4194f633de2df75be.600x338.jpg?t=1533135818', N'https://steamcdn-a.akamaihd.net/steam/apps/413150/ss_9ac899fe2cda15d48b0549bba77ef8c4a090a71c.600x338.jpg?t=1533135818', N'https://steamcdn-a.akamaihd.net/steam/apps/413150/ss_d836f0a5b0447fb6a2bdb0a6ac5f954949d3c41e.600x338.jpg?t=1533135818', N'https://steamcdn-a.akamaihd.net/steam/apps/413150/ss_10628b4a811c0a925a1433d4323f78c7017dbbe4.600x338.jpg?t=1533135818', 2, 1)
GO
INSERT [dbo].[Product] ([ProductID], [ProductPrice], [ProductName], [ProductQuantity], [ProductDesc], [Rating], [LinkIMG1], [LinkIMG2], [LinkIMG3], [LinkIMG4], [LinkIMG5], [GenreID], [ConsolesID]) VALUES (2, CAST(5 AS Numeric(12, 0)), N'Terrarian', 1, N'Blending elements of classic action games with the freedom of sandbox-style creativity, Terraria is a unique gaming experience where both the journey and the destination are completely in the player’s control. The Terraria adventure is truly as unique as the players themselves!', 3, N'https://steamcdn-a.akamaihd.net/steam/apps/105600/header.jpg', N'https://steamcdn-a.akamaihd.net/steam/apps/105600/ss_ae168a00ab08104ba266dc30232654d4b3c919e5.600x338.jpg?t=1529004887', N'https://steamcdn-a.akamaihd.net/steam/apps/105600/ss_9edd98caaf9357c2f40758f354475a56e356e8b0.600x338.jpg?t=1529004887', N'https://steamcdn-a.akamaihd.net/steam/apps/105600/ss_75ea9a7e39eb34b40efa1e6dfd2536098dc4734b.600x338.jpg?t=1529004887', N'https://steamcdn-a.akamaihd.net/steam/apps/105600/ss_8c03886f214d2108cafca13845533eaa3d87d83f.600x338.jpg?t=1529004887', 2, 1)
GO
INSERT [dbo].[Product] ([ProductID], [ProductPrice], [ProductName], [ProductQuantity], [ProductDesc], [Rating], [LinkIMG1], [LinkIMG2], [LinkIMG3], [LinkIMG4], [LinkIMG5], [GenreID], [ConsolesID]) VALUES (3, CAST(13 AS Numeric(12, 0)), N'Dread Hunger', 1, N'You can chop the limbs off animals and people with a sword. You can pick up severed heads / limbs and run around with them and then use them to kill other people. Sometimes dead people have willies.', 4, N'https://steamcdn-a.akamaihd.net/steam/apps/1418630/header.jpg', N'https://cdn.akamai.steamstatic.com/steam/apps/1418630/ss_62aae690307c00937ba95b2f542148b1d244a847.600x338.jpg?t=1643230900', N'https://cdn.akamai.steamstatic.com/steam/apps/1418630/ss_61b09a3418de995478818a946453cdcff7185809.600x338.jpg?t=1643230900', N'https://cdn.akamai.steamstatic.com/steam/apps/1418630/ss_5990e94c5e19f8261f10c3b591c2a6f4a48ee7a8.600x338.jpg?t=1643230900', N'https://cdn.akamai.steamstatic.com/steam/apps/1418630/ss_09f19269a851bbeb80c5f64dfdb8a83bdb4ffeef.600x338.jpg?t=1643230900', 2, 1)
GO
INSERT [dbo].[Product] ([ProductID], [ProductPrice], [ProductName], [ProductQuantity], [ProductDesc], [Rating], [LinkIMG1], [LinkIMG2], [LinkIMG3], [LinkIMG4], [LinkIMG5], [GenreID], [ConsolesID]) VALUES (4, CAST(5 AS Numeric(12, 0)), N'Don''t Starve', 1, N'o a mysterious wilderness world. Wilson must learn to exploit his environment and its inhabitants if he ever hopes to escape and find his way back home.', 5, N'https://steamcdn-a.akamaihd.net/steam/apps/219740/header.jpg', N'https://steamcdn-a.akamaihd.net/steam/apps/219740/ss_09bb6bdce4fa085c2c4a9a8f48ea52d3051b44bc.600x338.jpg?t=1505326169', N'https://steamcdn-a.akamaihd.net/steam/apps/219740/ss_26b6414b4ae07cfc2e2d15bd6ff315a4678f00f3.600x338.jpg?t=1505326169', N'https://steamcdn-a.akamaihd.net/steam/apps/219740/ss_7288e5ee39841ff2e0291565239bba1e1691a733.600x338.jpg?t=1505326169', N'https://steamcdn-a.akamaihd.net/steam/apps/219740/ss_38d4d1b21050fc4b3978fcf65c909260d3673fb7.600x338.jpg?t=1505326169', 2, 1)
GO
INSERT [dbo].[Product] ([ProductID], [ProductPrice], [ProductName], [ProductQuantity], [ProductDesc], [Rating], [LinkIMG1], [LinkIMG2], [LinkIMG3], [LinkIMG4], [LinkIMG5], [GenreID], [ConsolesID]) VALUES (5, CAST(7 AS Numeric(12, 0)), N'Raft', 1, N'Find the last parts of civilization still above water. Overcome the challenges therein, uncover the story of its previous inhabitants and find your way to the next destination!', 5, N'https://steamcdn-a.akamaihd.net/steam/apps/648800/header.jpg', N'https://steamcdn-a.akamaihd.net/steam/apps/648800/ss_c22b2ff5ba5609f74e61b5feaa5b7a1d7fd1dbd3.600x338.jpg?t=1537566341', N'https://steamcdn-a.akamaihd.net/steam/apps/648800/ss_594b5fab052123e5f96088df3ec3c9b7cec62e88.600x338.jpg?t=1537566341', N'https://steamcdn-a.akamaihd.net/steam/apps/648800/ss_189ac1fa4505a10365bcf9c0c3ba61e7a618ae0f.600x338.jpg?t=1537566341', N'https://steamcdn-a.akamaihd.net/steam/apps/648800/ss_e5d26eea3a2e068518095a9596380ab384da6e80.600x338.jpg?t=1537566341', 2, 1)
GO
INSERT [dbo].[Product] ([ProductID], [ProductPrice], [ProductName], [ProductQuantity], [ProductDesc], [Rating], [LinkIMG1], [LinkIMG2], [LinkIMG3], [LinkIMG4], [LinkIMG5], [GenreID], [ConsolesID]) VALUES (6, CAST(10 AS Numeric(12, 0)), N'Neon White', 1, N'Neon White is a lightning fast first-person action game about exterminating demons in Heaven. You are White, an assassin handpicked from Hell to compete with other demon slayers for a chance to live permanently in Heaven. The other assassins seem familiar, though…', 4, N'https://steamcdn-a.akamaihd.net/steam/apps/1533420/header.jpg', N'https://cdn.akamai.steamstatic.com/steam/apps/1533420/ss_d8c2c0eb97bc25344f24da92e55b6420ca94c607.600x338.jpg?t=1655410419', N'https://cdn.akamai.steamstatic.com/steam/apps/1533420/ss_27ea65326988eeeaa504bb8c0d2c892aae894b57.600x338.jpg?t=1655410419', N'https://cdn.akamai.steamstatic.com/steam/apps/1533420/ss_38fc87620e7706535193143404488e5c10863813.600x338.jpg?t=1655410419', N'https://cdn.akamai.steamstatic.com/steam/apps/1533420/ss_7ebe34f5d96739a0901619b31b8f5a2a1c43bc50.600x338.jpg?t=1655410419', 2, 3)
GO
INSERT [dbo].[Product] ([ProductID], [ProductPrice], [ProductName], [ProductQuantity], [ProductDesc], [Rating], [LinkIMG1], [LinkIMG2], [LinkIMG3], [LinkIMG4], [LinkIMG5], [GenreID], [ConsolesID]) VALUES (7, CAST(9 AS Numeric(12, 0)), N'WorldBox - God Simulator', 1, N'WorldBox is the ULTIMATE god simulator and sandbox game!', 3, N'https://steamcdn-a.akamaihd.net/steam/apps/1206560/header.jpg', N'https://cdn.akamai.steamstatic.com/steam/apps/1206560/ss_c8308f959146715491fa734ade1a708392c080e8.600x338.jpg?t=1638466465', N'https://cdn.akamai.steamstatic.com/steam/apps/1206560/ss_2250e963ceea327099c24ca377860372972aa208.600x338.jpg?t=1638466465', N'https://cdn.akamai.steamstatic.com/steam/apps/1206560/ss_c031f6a411af5def939c6ed0dbb957fa7f4cdd5f.600x338.jpg?t=1638466465', N'https://cdn.akamai.steamstatic.com/steam/apps/1206560/ss_2188d89e9d5c081cba9d61214e7ea64cfebdb9da.600x338.jpg?t=1638466465', 2, 4)
GO
INSERT [dbo].[Product] ([ProductID], [ProductPrice], [ProductName], [ProductQuantity], [ProductDesc], [Rating], [LinkIMG1], [LinkIMG2], [LinkIMG3], [LinkIMG4], [LinkIMG5], [GenreID], [ConsolesID]) VALUES (8, CAST(12 AS Numeric(12, 0)), N'Factorio', 1, N'Factorio is a game in which you build and maintain factories. You will be mining resources, researching technologies, building infrastructure, automating production and fighting enemies.', 4, N'https://steamcdn-a.akamaihd.net/steam/apps/427520/header.jpg', N'https://steamcdn-a.akamaihd.net/steam/apps/427520/ss_4d2dbc665c41127ff1e08e4751dce3e396c31318.600x338.jpg?t=1530541487', N'https://steamcdn-a.akamaihd.net/steam/apps/427520/ss_d139761bad849d58c06d3aa55e2fd793dd1dde48.600x338.jpg?t=1530541487', N'https://steamcdn-a.akamaihd.net/steam/apps/427520/ss_2d959b810950c93a61c82ed2e15e586584fd4aae.600x338.jpg?t=1530541487', N'https://steamcdn-a.akamaihd.net/steam/apps/427520/ss_90cbfd28a001c33a24f95b72846e588d251de785.600x338.jpg?t=1530541487', 2, 3)
GO
INSERT [dbo].[Product] ([ProductID], [ProductPrice], [ProductName], [ProductQuantity], [ProductDesc], [Rating], [LinkIMG1], [LinkIMG2], [LinkIMG3], [LinkIMG4], [LinkIMG5], [GenreID], [ConsolesID]) VALUES (9, CAST(10 AS Numeric(12, 0)), N'Hades', 1, N'Hades is a god-like rogue-like dungeon crawler that combines the best aspects of Supergiant''s critically acclaimed titles, including the fast-paced action of Bastion, the rich atmosphere and depth of Transistor, and the character-driven storytelling of Pyre.', 5, N'https://steamcdn-a.akamaihd.net/steam/apps/1145360/header.jpg', N'https://steamcdn-a.akamaihd.net/steam/apps/1145360/ss_c0fed447426b69981cf1721756acf75369801b31.600x338.jpg?t=1576031424', N'https://steamcdn-a.akamaihd.net/steam/apps/1145360/ss_68300459a8c3daacb2ec687adcdbf4442fcc4f47.600x338.jpg?t=1576031424', N'https://steamcdn-a.akamaihd.net/steam/apps/1145360/ss_aba35768a26b11c361ba0227b5997f6b9f9c4a83.600x338.jpg?t=1576031424', N'https://steamcdn-a.akamaihd.net/steam/apps/1145360/ss_bcb499a0dd001f4101823f99ec5094d2872ba6ee.600x338.jpg?t=1576031424', 2, 2)
GO
INSERT [dbo].[Product] ([ProductID], [ProductPrice], [ProductName], [ProductQuantity], [ProductDesc], [Rating], [LinkIMG1], [LinkIMG2], [LinkIMG3], [LinkIMG4], [LinkIMG5], [GenreID], [ConsolesID]) VALUES (10, CAST(9 AS Numeric(12, 0)), N'Peglin', 1, N'The dragons have been popping peglins and stealing all of your gold for as long as you can remember. Enough is enough. It''s time to venture through the woods, conquer the fortress, and delve into the heart of the dragon''s lair to take back what''s yours and teach those dragons a lesson.', 3, N'https://steamcdn-a.akamaihd.net/steam/apps/1296610/header.jpg', N'https://cdn.akamai.steamstatic.com/steam/apps/1296610/ss_b7dc66b900c62ec0f085c5ad1f47015d71dfad0a.600x338.jpg?t=1650913187', N'https://cdn.akamai.steamstatic.com/steam/apps/1296610/ss_01eedce4b48877bf7d4feb0fe6b58f8d340f3d3f.600x338.jpg?t=1650913187', N'https://cdn.akamai.steamstatic.com/steam/apps/1296610/ss_e05d41aac0cdd49ce1f31352927cdf9e7e29d1f9.600x338.jpg?t=1650913187', N'https://cdn.akamai.steamstatic.com/steam/apps/1296610/ss_7a6a4d9da135f18a4d9964f6a87d40ad2c43b7e4.600x338.jpg?t=1650913187', 2, 4)
GO
INSERT [dbo].[Product] ([ProductID], [ProductPrice], [ProductName], [ProductQuantity], [ProductDesc], [Rating], [LinkIMG1], [LinkIMG2], [LinkIMG3], [LinkIMG4], [LinkIMG5], [GenreID], [ConsolesID]) VALUES (11, CAST(16 AS Numeric(12, 0)), N'Tom Clancy''s Rainbow Six® Siege', 1, N'Master the art of destruction and gadgetry in Tom Clancy’s Rainbow Six Siege. Face intense close quarters combat, high lethality, tactical decision making, team play and explosive action within every moment. Experience a new era of fierce firefights and expert strategy born from the rich legacy of past Tom Clancy''s Rainbow Six games.', 5, N'https://steamcdn-a.akamaihd.net/steam/apps/359550/header.jpg', N'https://steamcdn-a.akamaihd.net/steam/apps/359550/ss_79af6b4e7ea15b745c0c315e4ae8f7450bb64f58.600x338.jpg?t=1561479493', N'https://steamcdn-a.akamaihd.net/steam/apps/359550/ss_0d619a68898400c9cd59b1afa2e36bd50f12d0b5.600x338.jpg?t=1561479493', N'https://steamcdn-a.akamaihd.net/steam/apps/359550/ss_6d4e3b1021a489106f33c054bcb0e74ea4bd706f.600x338.jpg?t=1561479493', N'https://steamcdn-a.akamaihd.net/steam/apps/359550/ss_2f720e4694ba324ee6036a4ce8595a839de3f185.600x338.jpg?t=1561479493', 3, 2)
GO
INSERT [dbo].[Product] ([ProductID], [ProductPrice], [ProductName], [ProductQuantity], [ProductDesc], [Rating], [LinkIMG1], [LinkIMG2], [LinkIMG3], [LinkIMG4], [LinkIMG5], [GenreID], [ConsolesID]) VALUES (12, CAST(5 AS Numeric(12, 0)), N'Left 4 Dead 2', 1, N'You''ll play as one of four new survivors armed with a wide and devastating array of classic and upgraded weapons. In addition to firearms, you''ll also get a chance to take out some aggression on infected with a variety of carnage-creating melee weapons, from chainsaws to axes and even the deadly frying pan.', 5, N'https://steamcdn-a.akamaihd.net/steam/apps/550/header.jpg', N'https://steamcdn-a.akamaihd.net/steam/apps/550/ss_2eae29fbdfe8e5e8999b96d8bb28c5db70507968.600x338.jpg?t=1540300687', N'https://steamcdn-a.akamaihd.net/steam/apps/550/ss_29b3b4f2a3994c889f6fc12e0781d9d4726ef33f.600x338.jpg?t=1540300687', N'https://steamcdn-a.akamaihd.net/steam/apps/550/ss_9488e329bb42d792a059fb44cb7135d25b6262f5.600x338.jpg?t=1540300687', N'https://steamcdn-a.akamaihd.net/steam/apps/550/ss_6ec4ee04d4924b099e25ce79f3d6571c3b623b3b.600x338.jpg?t=1540300687', 3, 1)
GO
INSERT [dbo].[Product] ([ProductID], [ProductPrice], [ProductName], [ProductQuantity], [ProductDesc], [Rating], [LinkIMG1], [LinkIMG2], [LinkIMG3], [LinkIMG4], [LinkIMG5], [GenreID], [ConsolesID]) VALUES (13, CAST(16 AS Numeric(12, 0)), N'Borderlands 2', 1, N'A new era of shoot and loot is about to begin. Play as one of four new vault hunters facing off against a massive new world of creatures, psychos and the evil mastermind, Handsome Jack. Make new friends, arm them with a bazillion weapons and fight alongside them in 4 player co-op on a relentless quest for revenge and redemption across the undiscovered and unpredictable living planet.', 4, N'https://steamcdn-a.akamaihd.net/steam/apps/49520/header.jpg', N'https://steamcdn-a.akamaihd.net/steam/apps/49520/ss_6734eaa79dcd0fe53971fbd50d20b5d0d45f4809.600x338.jpg?t=1536253880', N'https://steamcdn-a.akamaihd.net/steam/apps/49520/ss_2f27a18562fbf4a91943c3968b35db5ac1caf5ad.600x338.jpg?t=1536253880', N'https://steamcdn-a.akamaihd.net/steam/apps/49520/ss_c20610ab476bfe99172df77fe84f579d91e45a2b.600x338.jpg?t=1536253880', N'https://steamcdn-a.akamaihd.net/steam/apps/49520/ss_da8b3279d4ff979b99b3a417d21a097600729266.600x338.jpg?t=1536253880', 3, 2)
GO
INSERT [dbo].[Product] ([ProductID], [ProductPrice], [ProductName], [ProductQuantity], [ProductDesc], [Rating], [LinkIMG1], [LinkIMG2], [LinkIMG3], [LinkIMG4], [LinkIMG5], [GenreID], [ConsolesID]) VALUES (14, CAST(5 AS Numeric(12, 0)), N'Half-Life 2', 1, N'1998. HALF-LIFE sends a shock through the game industry with its combination of pounding action and continuous, immersive storytelling. Valve''s debut title wins more than 50 game-of-the-year awards on its way to being named "Best PC Game Ever" by PC Gamer, and launches a franchise with more than eight million retail units sold worldwide.', 4, N'https://steamcdn-a.akamaihd.net/steam/apps/220/header.jpg', N'https://steamcdn-a.akamaihd.net/steam/apps/220/0000001864.600x338.jpg?t=1533329234', N'https://steamcdn-a.akamaihd.net/steam/apps/220/0000001865.600x338.jpg?t=1533329234', N'https://steamcdn-a.akamaihd.net/steam/apps/220/0000001866.600x338.jpg?t=1533329234', N'https://steamcdn-a.akamaihd.net/steam/apps/220/0000001867.600x338.jpg?t=1533329234', 3, 3)
GO
INSERT [dbo].[Product] ([ProductID], [ProductPrice], [ProductName], [ProductQuantity], [ProductDesc], [Rating], [LinkIMG1], [LinkIMG2], [LinkIMG3], [LinkIMG4], [LinkIMG5], [GenreID], [ConsolesID]) VALUES (15, CAST(40 AS Numeric(12, 0)), N'Battlefield™ 2042', 1, N'Battlefield™ 2042 is a first-person shooter that marks the return to the iconic all-out warfare of the franchise. Adapt and overcome in a near-future world transformed by disorder. Squad up and bring a cutting-edge arsenal into dynamically-changing battlegrounds supporting 128 players, unprecedented scale, and epic destruction.', 5, N'https://steamcdn-a.akamaihd.net/steam/apps/1517290/header.jpg', N'https://cdn.akamai.steamstatic.com/steam/apps/1517290/ss_731b9a3f02ab15c517b9c42c3cbe9a71866be4d4.600x338.jpg?t=1623283720', N'https://cdn.akamai.steamstatic.com/steam/apps/1517290/ss_c255541433e627bb370bbc0a2c8b67c26b2db3a3.600x338.jpg?t=1623283720', N'https://cdn.akamai.steamstatic.com/steam/apps/1517290/ss_be3823147a470edb636764fa15123268de5ad8cf.600x338.jpg?t=1623283720', N'https://cdn.akamai.steamstatic.com/steam/apps/1517290/ss_80c088f74bb00e73aa612021d89c9acbc51fad74.600x338.jpg?t=1623283720', 3, 1)
GO
INSERT [dbo].[Product] ([ProductID], [ProductPrice], [ProductName], [ProductQuantity], [ProductDesc], [Rating], [LinkIMG1], [LinkIMG2], [LinkIMG3], [LinkIMG4], [LinkIMG5], [GenreID], [ConsolesID]) VALUES (16, CAST(15 AS Numeric(12, 0)), N'Ready or Not', 1, N'Please remember that the Beta build is still an incomplete version of the game. It will still have bugs and quirks, and will require lots of additional content before it is ready for full release. Because of our Supporters and with your help, we will continue to push Ready or Not, adding more content (new maps, missions, characters, weapons, etc.), and further refining it to get the game up to the standard that you deserve. We ultimately want you to be able to turn the lights out, crank up the volume, and be immersed in the action – bringing order to chaos.', 4, N'https://steamcdn-a.akamaihd.net/steam/apps/1144200/header.jpg', N'https://cdn.akamai.steamstatic.com/steam/apps/1144200/ss_39dd59658ea64cd4439813b409ca7a36a772f974.600x338.jpg?t=1639785519', N'https://cdn.akamai.steamstatic.com/steam/apps/1144200/ss_5797a3f0264ee8ca23d5e28ab69bb7a74b241d4f.600x338.jpg?t=1639785519', N'https://cdn.akamai.steamstatic.com/steam/apps/1144200/ss_55e32414d8200c6aa2f4bd14d2406b66baf8d1b5.600x338.jpg?t=1639785519', N'https://cdn.akamai.steamstatic.com/steam/apps/1144200/ss_1b6abe883019ab112b9192730d55f531fe2611ce.600x338.jpg?t=1639785519', 3, 1)
GO
INSERT [dbo].[Product] ([ProductID], [ProductPrice], [ProductName], [ProductQuantity], [ProductDesc], [Rating], [LinkIMG1], [LinkIMG2], [LinkIMG3], [LinkIMG4], [LinkIMG5], [GenreID], [ConsolesID]) VALUES (17, CAST(42 AS Numeric(12, 0)), N'Call of Duty®: Modern Warfare® Remastered', 1, N'Call of Duty®: Modern Warfare® II drops players into an unprecedented global conflict that features the return of the iconic Operators of Task Force 141. From small-scale, high-stakes infiltration tactical ops to highly classified missions, players will deploy alongside friends in a truly immersive experience.', 3, N'https://steamcdn-a.akamaihd.net/steam/apps/393080/header.jpg', N'https://steamcdn-a.akamaihd.net/steam/apps/393080/ss_baab41763828721dd15f6dcba7c860b091a732ed.600x338.jpg?t=1501610448', N'https://steamcdn-a.akamaihd.net/steam/apps/393080/ss_2b4d64fa2d2bf220b977313d0dfddc8cdb2a69d8.600x338.jpg?t=1501610448', N'https://steamcdn-a.akamaihd.net/steam/apps/393080/ss_1a25c64a4859259891d17b1d9f61565464d8371c.600x338.jpg?t=1501610448', N'https://steamcdn-a.akamaihd.net/steam/apps/393080/ss_e038703be57131b2a3535015dadcba7e603e7baf.600x338.jpg?t=1501610448', 3, 1)
GO
INSERT [dbo].[Product] ([ProductID], [ProductPrice], [ProductName], [ProductQuantity], [ProductDesc], [Rating], [LinkIMG1], [LinkIMG2], [LinkIMG3], [LinkIMG4], [LinkIMG5], [GenreID], [ConsolesID]) VALUES (18, CAST(80 AS Numeric(12, 0)), N'Arma 3 Apex Edition', 1, N'Experience true combat gameplay in a massive military sandbox. Deploying a wide variety of single- and multiplayer content, over 20 vehicles and 40 weapons, and limitless opportunities for content creation, this is the PC’s premier military game. Authentic, diverse, open - Arma 3 sends you to war.', 4, N'https://steamcdn-a.akamaihd.net/steam/apps/107410/header.jpg', N'https://steamcdn-a.akamaihd.net/steam/apps/107410/ss_e9220742c6b786efc9145c58ce7b276af891e9d5.600x338.jpg?t=1524502112', N'https://steamcdn-a.akamaihd.net/steam/apps/107410/ss_089dfd05121614ca3a887f49e89c14fa210847ac.600x338.jpg?t=1524502112', N'https://steamcdn-a.akamaihd.net/steam/apps/107410/ss_d6ac5531165a238499e1bf7ad71ee23dcfcbcf78.600x338.jpg?t=1524502112', N'https://steamcdn-a.akamaihd.net/steam/apps/107410/ss_1e3cd97e67e8bba23a6bb40d41a543b1b29c9b5a.600x338.jpg?t=1524502112', 3, 1)
GO
INSERT [dbo].[Product] ([ProductID], [ProductPrice], [ProductName], [ProductQuantity], [ProductDesc], [Rating], [LinkIMG1], [LinkIMG2], [LinkIMG3], [LinkIMG4], [LinkIMG5], [GenreID], [ConsolesID]) VALUES (19, CAST(42 AS Numeric(12, 0)), N'NARAKA: BLADEPOINT - Ultimate Edition', 1, N'NARAKA: BLADEPOINT is a 60-player action Battle Royale offering players insane mobility powered by parkour and grappling hook, a vast arsenal of melee and ranged weapons, and a roaster of characters with powerful abilities—transform yourself into a gigantic Vajra Warrior and crush your enemies!
', 4, N'https://steamcdn-a.akamaihd.net/steam/apps/1203220/header.jpg', N'https://cdn.akamai.steamstatic.com/steam/apps/1203220/ss_78ffacb5991aea06b4ee636b1c4c816abfb2cbfa.600x338.jpg?t=1623604709', N'https://cdn.akamai.steamstatic.com/steam/apps/1203220/ss_06b5f6c1f31c3519e51a45f9101da47e161e40c0.600x338.jpg?t=1623604709', N'https://cdn.akamai.steamstatic.com/steam/apps/1203220/ss_86dd1d7c3da6c3f7613cb75d56ecef2487b4d5a3.600x338.jpg?t=1623604709', N'https://cdn.akamai.steamstatic.com/steam/apps/1203220/ss_ca5451eff8bb830fa8db1ed19d8cf9a8a0d77a71.600x338.jpg?t=1623604709', 4, 1)
GO
INSERT [dbo].[Product] ([ProductID], [ProductPrice], [ProductName], [ProductQuantity], [ProductDesc], [Rating], [LinkIMG1], [LinkIMG2], [LinkIMG3], [LinkIMG4], [LinkIMG5], [GenreID], [ConsolesID]) VALUES (20, CAST(25 AS Numeric(12, 0)), N'Street Fighter V: Arcade Edition', 1, N'Experience the intensity of head-to-head battle with Street Fighter® V! Choose from 16 iconic characters, each with their own personal story and unique training challenges, then battle against friends online or offline with a robust variety of match options.
', 4, N'https://steamcdn-a.akamaihd.net/steam/apps/310950/header.jpg', N'http://cdn.akamai.steamstatic.com/steam/apps/310950/ss_592728c4d9cd25645dcd5eae866d83e966db2246.jpg', N'http://cdn.akamai.steamstatic.com/steam/apps/310950/ss_881d16ef1e10f152625bd1b0d785f278f74ccb4f.jpg', N'http://cdn.akamai.steamstatic.com/steam/apps/310950/ss_6b7b8e703328f5a12fae77f42a513c8cc74006bc.jpg', N'http://cdn.akamai.steamstatic.com/steam/apps/310950/ss_a9d4d4b1a0059458c552d9153fd51a90626ca79c.jpg', 4, 2)
GO
INSERT [dbo].[Product] ([ProductID], [ProductPrice], [ProductName], [ProductQuantity], [ProductDesc], [Rating], [LinkIMG1], [LinkIMG2], [LinkIMG3], [LinkIMG4], [LinkIMG5], [GenreID], [ConsolesID]) VALUES (21, CAST(74 AS Numeric(12, 0)), N'TEKKEN 7 - Ultimate Edition', 1, N'Discover the epic conclusion of the Mishima clan and unravel the reasons behind each step of their ceaseless fight. Powered by Unreal Engine 4, TEKKEN 7 features stunning story-driven cinematic battles and intense duels that can be enjoyed with friends and rivals alike through innovative fight mechanics.
', 5, N'https://steamcdn-a.akamaihd.net/steam/apps/389730/header.jpg', N'https://steamcdn-a.akamaihd.net/steam/apps/389730/ss_d92a558644ad60ae5814fc4d2bbaebc5abf62fa3.600x338.jpg?t=1538088819', N'https://steamcdn-a.akamaihd.net/steam/apps/389730/ss_8f6d9f87f50513ed756004cfa5b2b54cdeb1df18.600x338.jpg?t=1538088819', N'https://steamcdn-a.akamaihd.net/steam/apps/389730/ss_ed3246605518907954918eb06e90705249be77d6.600x338.jpg?t=1538088819', N'https://steamcdn-a.akamaihd.net/steam/apps/389730/ss_4274653781c2c618f7749cdb569e2b9274fceba9.600x338.jpg?t=1538088819', 4, 3)
GO
INSERT [dbo].[Product] ([ProductID], [ProductPrice], [ProductName], [ProductQuantity], [ProductDesc], [Rating], [LinkIMG1], [LinkIMG2], [LinkIMG3], [LinkIMG4], [LinkIMG5], [GenreID], [ConsolesID]) VALUES (22, CAST(99 AS Numeric(12, 0)), N'DRAGON BALL FighterZ - Ultimate Edition', 1, N'DRAGON BALL FighterZ is born from what makes the DRAGON BALL series so loved and famous: endless spectacular fights with its all-powerful fighters.Partnering with Arc System Works, DRAGON BALL FighterZ maximizes high end Anime graphics and brings easy to learn but difficult to master fighting gameplay.
', 4, N'https://steamcdn-a.akamaihd.net/steam/apps/779936/header.jpg', N'https://steamcdn-a.akamaihd.net/steam/apps/678950/ss_3d48baf2e7aaf087afbab1c4268637df528eb2c8.600x338.jpg?t=1533232528', N'https://steamcdn-a.akamaihd.net/steam/apps/678950/ss_fc0a6681f43c6adec6a4d638a40656f6e1b12d6b.600x338.jpg?t=1533232528', N'https://steamcdn-a.akamaihd.net/steam/apps/678950/ss_cd54f0430e919020ce554f6cfa8d2f3b0d062716.600x338.jpg?t=1533232528', N'https://steamcdn-a.akamaihd.net/steam/apps/678950/ss_1702e9bc7ba4ce2dce2555c8d63612aafb5c757a.600x338.jpg?t=1533232528', 4, 2)
GO
INSERT [dbo].[Product] ([ProductID], [ProductPrice], [ProductName], [ProductQuantity], [ProductDesc], [Rating], [LinkIMG1], [LinkIMG2], [LinkIMG3], [LinkIMG4], [LinkIMG5], [GenreID], [ConsolesID]) VALUES (23, CAST(65 AS Numeric(12, 0)), N'Mortal Kombat 11', 1, N'MK is back and better than ever in the next evolution of the iconic franchise.The all new Custom Character Variations give you unprecedented control of your fighters to make them your own. The new graphics engine showcases every skull-shattering, eye-popping moment, bringing you so close to the fight you can feel it. Featuring a roster of new and returning Klassic Fighters, Mortal Kombat''s best-in-class cinematic story mode continues the epic saga over 25 years in the making.
', 5, N'https://steamcdn-a.akamaihd.net/steam/apps/976310/header.jpg', N'https://steamcdn-a.akamaihd.net/steam/apps/976310/ss_5aaa0c14bd5969c4865c53463ed71ef4601952fe.600x338.jpg?t=1544159662', N'https://steamcdn-a.akamaihd.net/steam/apps/976310/ss_40891caa023b1ebc286da58221d8f869f3498dba.600x338.jpg?t=1544159662', N'https://steamcdn-a.akamaihd.net/steam/apps/976310/ss_5b88f071939e32c790dd9e84890d9c197956a7be.600x338.jpg?t=1544159662', N'https://steamcdn-a.akamaihd.net/steam/apps/976310/ss_dbd39a9b530068ebbfdad072eb787fa5122eef69.600x338.jpg?t=1544159662', 4, 2)
GO
INSERT [dbo].[Product] ([ProductID], [ProductPrice], [ProductName], [ProductQuantity], [ProductDesc], [Rating], [LinkIMG1], [LinkIMG2], [LinkIMG3], [LinkIMG4], [LinkIMG5], [GenreID], [ConsolesID]) VALUES (24, CAST(59 AS Numeric(12, 0)), N'Yakuza: Like a Dragon', 1, N'Fight like hell through Tokyo and Osaka with protagonist Kazuma Kiryu and series regular Goro Majima. Play as Kazuma Kiryu and discover how he finds himself in a world of trouble when a simple debt collection goes wrong and his mark winds up murdered. Then, step into the silver-toed shoes of Goro Majima and explore his “normal” life as the proprietor of a cabaret club.
', 4, N'https://steamcdn-a.akamaihd.net/steam/apps/1235140/header.jpg', N'https://cdn.akamai.steamstatic.com/steam/apps/1235140/ss_3672df00523861cd37b0f969d80604003ba14fd4.600x338.jpg?t=1614271296', N'https://cdn.akamai.steamstatic.com/steam/apps/1235140/ss_9cecfb713527a480f607bbde54c01763b18bf354.600x338.jpg?t=1614271296', N'https://cdn.akamai.steamstatic.com/steam/apps/1235140/ss_d8bcb8c72368ec09506d3a60d42ff2a1901e39f7.600x338.jpg?t=1614271296', N'https://cdn.akamai.steamstatic.com/steam/apps/1235140/ss_d3fe630add22247a497f0c2d22e568df66a39f48.600x338.jpg?t=1614271296', 4, 1)
GO
INSERT [dbo].[Product] ([ProductID], [ProductPrice], [ProductName], [ProductQuantity], [ProductDesc], [Rating], [LinkIMG1], [LinkIMG2], [LinkIMG3], [LinkIMG4], [LinkIMG5], [GenreID], [ConsolesID]) VALUES (25, CAST(21 AS Numeric(12, 0)), N'THE KING OF FIGHTERS XIV STEAM EDITION', 1, N'Since its debut in 1994, the KOF fighting game series has been driving the world to new heights of excitement with its appealing characters and unique game system. Six years have passed since the last title in the series, and now KOF XV surpasses all of its predecessors in terms of graphics, systems, and online experience!
', 3, N'https://steamcdn-a.akamaihd.net/steam/apps/571260/header.jpg', N'https://steamcdn-a.akamaihd.net/steam/apps/571260/ss_d38cc2e7f6f95111a6cd289f79ce97f412e6eb7d.600x338.jpg?t=1529994709', N'https://steamcdn-a.akamaihd.net/steam/apps/571260/ss_2ab612c406e55bc40e2b4dafb8ba9a8014cc4c1e.600x338.jpg?t=1529994709', N'https://steamcdn-a.akamaihd.net/steam/apps/571260/ss_60380a648100e3cde9369bcfb0d6dd7bb14b41c5.600x338.jpg?t=1529994709', N'https://steamcdn-a.akamaihd.net/steam/apps/571260/ss_ea9db25b14c55914dc222dc5050b4caf838351d0.600x338.jpg?t=1529994709', 4, 1)
GO
INSERT [dbo].[Product] ([ProductID], [ProductPrice], [ProductName], [ProductQuantity], [ProductDesc], [Rating], [LinkIMG1], [LinkIMG2], [LinkIMG3], [LinkIMG4], [LinkIMG5], [GenreID], [ConsolesID]) VALUES (26, CAST(23 AS Numeric(12, 0)), N'Rust', 1, N'Rust is in its 8th year and has now had over 300 content updates, with a guaranteed content patch every month. From regular balance fixes and improvements to AI and graphics updates to adding content like new maps, musical instruments, trains and drones, as well as regular seasons and events, there’s always something interesting or dangerous (or both) happening on the island
', 4, N'https://steamcdn-a.akamaihd.net/steam/apps/252490/header.jpg', N'https://steamcdn-a.akamaihd.net/steam/apps/252490/ss_1d6dd798ec9ebe3b6da69483bfcdd19e7300971c.600x338.jpg?t=1538647482', N'https://steamcdn-a.akamaihd.net/steam/apps/252490/ss_4f2d0e89f55bcf236bb64c72736104c44aa50275.600x338.jpg?t=1538647482', N'https://steamcdn-a.akamaihd.net/steam/apps/252490/ss_6c71cf2f4b13fdaed53f5b0de381a9c9227b9c78.600x338.jpg?t=1538647482', N'https://steamcdn-a.akamaihd.net/steam/apps/252490/ss_0477cddd3b4c9d8ca142d0b468c7a9ed2721a5b6.600x338.jpg?t=1538647482', 3, 1)
GO
INSERT [dbo].[Product] ([ProductID], [ProductPrice], [ProductName], [ProductQuantity], [ProductDesc], [Rating], [LinkIMG1], [LinkIMG2], [LinkIMG3], [LinkIMG4], [LinkIMG5], [GenreID], [ConsolesID]) VALUES (27, CAST(2 AS Numeric(12, 0)), N'theHunter: Call of the Wild™', 1, N'Never before have you experienced a hunting game like theHunter: Call of the Wild. Plunge into an atmospheric open world, teeming with life: from the majestic true-to-life animals to the rustling of leaves above you as you stalk your prey. You can decide to hunt on your own or join up and hunt together with friends. Just remember, you are not just a visitor in this world, you are a living and breathing part of it. As you finally spot the majestic crown of your first red deer through the brush, the feeling is indescribable.
', 4, N'https://steamcdn-a.akamaihd.net/steam/apps/518790/header.jpg', N'https://steamcdn-a.akamaihd.net/steam/apps/518790/ss_3e71e154ea452f6ce8dd445eff9f649e890a97b0.600x338.jpg?t=1539709137', N'https://steamcdn-a.akamaihd.net/steam/apps/518790/ss_a66670ba673beb3f885af0d6459b453e4a126689.600x338.jpg?t=1539709137', N'https://steamcdn-a.akamaihd.net/steam/apps/518790/ss_5a3c7837582f3d054ea9f1c1b13004d6e033bac9.600x338.jpg?t=1539709137', N'https://steamcdn-a.akamaihd.net/steam/apps/518790/ss_bda0aee6ce21e20be959c5838aadb67010db99b6.600x338.jpg?t=1539709137', 3, 1)
GO
INSERT [dbo].[Product] ([ProductID], [ProductPrice], [ProductName], [ProductQuantity], [ProductDesc], [Rating], [LinkIMG1], [LinkIMG2], [LinkIMG3], [LinkIMG4], [LinkIMG5], [GenreID], [ConsolesID]) VALUES (28, CAST(10 AS Numeric(12, 0)), N'GTFO', 1, N'Your team of prisoners is dropped into the Rundown when a new Work Order is issued by the Warden, the mysterious entity holding you captive. The Rundown is a series of expeditions, each one taking you deeper into a decayed research facility called the Complex. You descend level by level, scavenging tools and resources that help you survive in a perilous network of tunnels where gruesome creatures lurk in every shadow. Complete all of the expeditions to fulfill the Work Order and clear the Rundown.
', 4, N'https://steamcdn-a.akamaihd.net/steam/apps/493520/header.jpg', N'https://steamcdn-a.akamaihd.net/steam/apps/493520/ss_9ffe6fc2ea1d6da17163ec27d4bbc2bf1a46c14c.600x338.jpg?t=1575933005', N'https://steamcdn-a.akamaihd.net/steam/apps/493520/ss_61c2a7a00597b7de0da3e0e7eb8968cbf87c8137.600x338.jpg?t=1575933005', N'https://steamcdn-a.akamaihd.net/steam/apps/493520/ss_e9c769fe1f05dc419bfd9a1f3eabd46bbe1ce8ab.600x338.jpg?t=1575933005', N'https://steamcdn-a.akamaihd.net/steam/apps/493520/ss_af236cf7e0f48fb2bf35d6411fbdbe70d41ac5a8.600x338.jpg?t=1575933005', 3, 1)
GO
INSERT [dbo].[Product] ([ProductID], [ProductPrice], [ProductName], [ProductQuantity], [ProductDesc], [Rating], [LinkIMG1], [LinkIMG2], [LinkIMG3], [LinkIMG4], [LinkIMG5], [GenreID], [ConsolesID]) VALUES (29, CAST(82 AS Numeric(12, 0)), N'Ori and the Will of the Wisps', 1, N'Play the critically acclaimed masterpiece. Embark on a new journey in a vast, exotic world where you’ll encounter towering enemies and challenging puzzles on your quest to unravel Ori’s destiny.
', 5, N'https://steamcdn-a.akamaihd.net/steam/apps/1057090/header.jpg', N'https://steamcdn-a.akamaihd.net/steam/apps/1057090/ss_bd365e9c8a3d4ea15900008cb3774e94f5156af0.600x338.jpg?t=1576227704', N'https://steamcdn-a.akamaihd.net/steam/apps/1057090/ss_239fd5eff40e2da82064484ce1694dab30b4f178.600x338.jpg?t=1576227704', N'https://steamcdn-a.akamaihd.net/steam/apps/1057090/ss_d3fd9f0084f168d94931c77fa2327295d15a1d78.600x338.jpg?t=1576227704', N'https://steamcdn-a.akamaihd.net/steam/apps/1057090/ss_0cf0ec6681ae5771173790dbc99ddb3bf3b886ad.600x338.jpg?t=1576227704', 5, 3)
GO
INSERT [dbo].[Product] ([ProductID], [ProductPrice], [ProductName], [ProductQuantity], [ProductDesc], [Rating], [LinkIMG1], [LinkIMG2], [LinkIMG3], [LinkIMG4], [LinkIMG5], [GenreID], [ConsolesID]) VALUES (30, CAST(82 AS Numeric(12, 0)), N'Hollow Knight', 1, N'Forge your own path in Hollow Knight! An epic action adventure through a vast ruined kingdom of insects and heroes. Explore twisting caverns, battle tainted creatures and befriend bizarre bugs, all in a classic, hand-drawn 2D style.
', 5, N'https://steamcdn-a.akamaihd.net/steam/apps/367520/header.jpg', N'https://steamcdn-a.akamaihd.net/steam/apps/367520/ss_a81e4231cc8d55f58b51a4a938898af46503cae5.600x338.jpg?t=1537843484', N'https://steamcdn-a.akamaihd.net/steam/apps/367520/ss_62e10cf506d461e11e050457b08aa0e2a1c078d0.600x338.jpg?t=1537843484', N'https://steamcdn-a.akamaihd.net/steam/apps/367520/ss_bd76bd88bc5334ee56ae3d5f0d8dec4455e8e3b8.600x338.jpg?t=1537843484', N'https://steamcdn-a.akamaihd.net/steam/apps/367520/ss_33a645903d6dd9beec39f272a3daf57174a6cc26.600x338.jpg?t=1537843484', 5, 1)
GO
INSERT [dbo].[Product] ([ProductID], [ProductPrice], [ProductName], [ProductQuantity], [ProductDesc], [Rating], [LinkIMG1], [LinkIMG2], [LinkIMG3], [LinkIMG4], [LinkIMG5], [GenreID], [ConsolesID]) VALUES (31, CAST(15 AS Numeric(12, 0)), N'Ender Lilies: Quietus of the knights', 1, N'ENDER LILIES is a dark fantasy 2D action RPG about unraveling the mysteries of a destroyed kingdom. On this sorrowful journey, encounter horrific enemies against whom a moment of inattention could be fatal. Overcome these hardships and seek the truth with the help of fallen knights
', 5, N'https://steamcdn-a.akamaihd.net/steam/apps/1369630/header.jpg', N'https://cdn.akamai.steamstatic.com/steam/apps/1369630/ss_08d6a9a6a74e310a7b9b56457d76c43fd5d29475.600x338.jpg?t=1611306383', N'https://cdn.akamai.steamstatic.com/steam/apps/1369630/ss_a93ed6c3e6deac9fc4b24f5e720d78d500d9ac97.600x338.jpg?t=1611306383', N'https://cdn.akamai.steamstatic.com/steam/apps/1369630/ss_901f7176f8eea3d3064a22d99e82770945c1011a.600x338.jpg?t=1611306383', N'https://cdn.akamai.steamstatic.com/steam/apps/1369630/ss_45ce57dc6f2ac869364821c230044662324dbdb8.600x338.jpg?t=1611306383', 5, 4)
GO
INSERT [dbo].[Product] ([ProductID], [ProductPrice], [ProductName], [ProductQuantity], [ProductDesc], [Rating], [LinkIMG1], [LinkIMG2], [LinkIMG3], [LinkIMG4], [LinkIMG5], [GenreID], [ConsolesID]) VALUES (32, CAST(25 AS Numeric(12, 0)), N'Bloodstained: ritual of the night', 1, N'Bloodstained: Ritual of the Night is an exploration-focused, side-scroller action RPG by Koji Igarashi. Play as Miriam, an orphan scarred by an alchemist''s curse that slowly crystallizes her body. Battle through a demon-infested castle and defeat its master to save yourself, and all of humanity!
', 3, N'https://steamcdn-a.akamaihd.net/steam/apps/692850/header.jpg', N'https://steamcdn-a.akamaihd.net/steam/apps/692850/ss_4a39fd45bb2ca57cd6916b8d583766a118f81f38.600x338.jpg?t=1558586101', N'https://steamcdn-a.akamaihd.net/steam/apps/692850/ss_dad3b2c7354347827f2e35b844713cf2697937a5.600x338.jpg?t=1558586101', N'https://steamcdn-a.akamaihd.net/steam/apps/692850/ss_03b1cb75c142b6e60601c0d5fdb44b12755976c5.600x338.jpg?t=1558586101', N'https://steamcdn-a.akamaihd.net/steam/apps/692850/ss_fab67b4d7eb811fd4e35a6909711004785aab57b.600x338.jpg?t=1558586101', 5, 1)
GO
INSERT [dbo].[Product] ([ProductID], [ProductPrice], [ProductName], [ProductQuantity], [ProductDesc], [Rating], [LinkIMG1], [LinkIMG2], [LinkIMG3], [LinkIMG4], [LinkIMG5], [GenreID], [ConsolesID]) VALUES (33, CAST(34 AS Numeric(12, 0)), N'Blasphemous', 1, N'Blasphemous is a brutal action-platformer with skilled hack’n slash combat set in the nightmare world of Cvstodia. Explore, upgrade your abilities, and perform savage executions on the hordes of enemies that stand between you and your quest to break eternal damnation.
', 5, N'https://steamcdn-a.akamaihd.net/steam/apps/774361/header.jpg', N'https://steamcdn-a.akamaihd.net/steam/apps/774361/ss_bd57bcb1e9183cbea61339727a97bcc5206677b2.600x338.jpg?t=1568114495', N'https://steamcdn-a.akamaihd.net/steam/apps/774361/ss_933510ac0fd13c6bd4ecc4c187e0506d520f2e70.600x338.jpg?t=1568114495', N'https://steamcdn-a.akamaihd.net/steam/apps/774361/ss_957b6216519c614984ee71c6f6a524d75ea6353b.600x338.jpg?t=1568114495', N'https://steamcdn-a.akamaihd.net/steam/apps/774361/ss_959ffc1230d2ca57e18a9c96f3c56f5643b5cce7.600x338.jpg?t=1568114495', 5, 3)
GO
INSERT [dbo].[Product] ([ProductID], [ProductPrice], [ProductName], [ProductQuantity], [ProductDesc], [Rating], [LinkIMG1], [LinkIMG2], [LinkIMG3], [LinkIMG4], [LinkIMG5], [GenreID], [ConsolesID]) VALUES (34, CAST(54 AS Numeric(12, 0)), N'Star Wards Jedi: Fallen Order', 1, N'A galaxy-spanning adventure awaits in Star Wars Jedi: Fallen Order, a 3rd person action-adventure title from Respawn. An abandoned Padawan must complete his training, develop new powerful Force abilities, and master the art of the lightsaber - all while staying one step ahead of the Empire.
', 3, N'https://steamcdn-a.akamaihd.net/steam/apps/1172380/header.jpg?t=1573959140', N'https://steamcdn-a.akamaihd.net/steam/apps/1172380/ss_cfad9481db1a3b68fb5fcb2298cfc74bcb6a469e.600x338.jpg?t=1573959140', N'https://steamcdn-a.akamaihd.net/steam/apps/1172380/ss_763dcc7434f072d6fdbb9037b4d37f4474e29d9b.600x338.jpg?t=1573959140', N'https://steamcdn-a.akamaihd.net/steam/apps/1172380/ss_045d78dba983384cf8282e617e7ba04e40a9e2e9.600x338.jpg?t=1573959140', N'https://steamcdn-a.akamaihd.net/steam/apps/1172380/ss_effd33d4b798698bec179a5721dfba527e8432f0.600x338.jpg?t=1573959140', 5, 1)
GO
INSERT [dbo].[Product] ([ProductID], [ProductPrice], [ProductName], [ProductQuantity], [ProductDesc], [Rating], [LinkIMG1], [LinkIMG2], [LinkIMG3], [LinkIMG4], [LinkIMG5], [GenreID], [ConsolesID]) VALUES (35, CAST(15 AS Numeric(12, 0)), N'Rogue Legacy 2', 1, N'Rogue Legacy 2 is what you''d get if you mashed Rogue Legacy and a sequel together. Every time you die, your children will succeed you, and each child is unique. Your daughter might be a Colourblind Archer, and your son could be a Pacifistic Chef. Either way, one of them is getting conscripted.
', 4, N'https://steamcdn-a.akamaihd.net/steam/apps/1253920/header.jpg', N'https://steamcdn-a.akamaihd.net/steam/apps/1253920/ss_18711b319cd613386cbc98e8ab89d1d8c0549fdd.600x338.jpg?t=1603821378', N'https://steamcdn-a.akamaihd.net/steam/apps/1253920/ss_45a3b616aed1822983e1127f9cc3f70dbd0c2248.600x338.jpg?t=1603821378', N'https://steamcdn-a.akamaihd.net/steam/apps/1253920/ss_000ee3d70975a427cff2550ffc50d467b2880053.600x338.jpg?t=1603821378', N'https://steamcdn-a.akamaihd.net/steam/apps/692850/header.jpg', 5, 1)
GO
INSERT [dbo].[Product] ([ProductID], [ProductPrice], [ProductName], [ProductQuantity], [ProductDesc], [Rating], [LinkIMG1], [LinkIMG2], [LinkIMG3], [LinkIMG4], [LinkIMG5], [GenreID], [ConsolesID]) VALUES (36, CAST(34 AS Numeric(12, 0)), N'Yoku''s Island Express', 1, N'Meet Yoku, the pint-sized postman protagonist of Yoku''s Island Express! Use a unique blend of pinball mechanics, platforming and open world exploration to unlock the secrets of Mokumana Island, help the locals, awaken ancient deities and much more in this amazing new tropical adventure!
', 3, N'https://steamcdn-a.akamaihd.net/steam/apps/334940/header.jpg', N'https://steamcdn-a.akamaihd.net/steam/apps/334940/ss_a23eaefb9d299e5f10e7eb721fe4abc7e8ab9bbb.600x338.jpg?t=1544611081', N'https://steamcdn-a.akamaihd.net/steam/apps/334940/ss_f386401fb8151eb9b48caa2182f29b886a4a3cf2.600x338.jpg?t=1544611081', N'https://steamcdn-a.akamaihd.net/steam/apps/334940/ss_79752273e90e872597f31ba9bb9bd0cf0c7f23de.600x338.jpg?t=1544611081', N'https://steamcdn-a.akamaihd.net/steam/apps/334940/ss_0131a0791cac53b6274a3b4111d77b78ce0307d7.600x338.jpg?t=1544611081', 5, 1)
GO
INSERT [dbo].[Product] ([ProductID], [ProductPrice], [ProductName], [ProductQuantity], [ProductDesc], [Rating], [LinkIMG1], [LinkIMG2], [LinkIMG3], [LinkIMG4], [LinkIMG5], [GenreID], [ConsolesID]) VALUES (37, CAST(34 AS Numeric(12, 0)), N'Axiom Verge', 1, N'Explore and uncover the mystery of a surreal alien world by blasting aliens and glitching your environment in this intense retro side-scrolling action/adventure.
', 4, N'https://steamcdn-a.akamaihd.net/steam/apps/332200/header.jpg', N'https://steamcdn-a.akamaihd.net/steam/apps/332200/ss_978607583bf147d520f488bb9acdb1c00ea3349b.600x338.jpg?t=1470599074', N'https://steamcdn-a.akamaihd.net/steam/apps/332200/ss_6fa9f9993bd867660e70f42f4e37f66c1359feb1.600x338.jpg?t=1470599074', N'https://steamcdn-a.akamaihd.net/steam/apps/332200/ss_8c53e6096552ecc60f875f6d4bdf3d60215f8ad5.600x338.jpg?t=1470599074', N'https://steamcdn-a.akamaihd.net/steam/apps/332200/ss_1f481f0be3273cc9dca73a054e4745740cefda59.600x338.jpg?t=1470599074', 5, 4)
GO
INSERT [dbo].[Product] ([ProductID], [ProductPrice], [ProductName], [ProductQuantity], [ProductDesc], [Rating], [LinkIMG1], [LinkIMG2], [LinkIMG3], [LinkIMG4], [LinkIMG5], [GenreID], [ConsolesID]) VALUES (38, CAST(60 AS Numeric(12, 0)), N'No Man''s Sky', 1, N'No Man''s Sky is a game about exploration and survival in an infinite procedurally generated universe.
', 4, N'https://steamcdn-a.akamaihd.net/steam/apps/275850/header.jpg', N'https://steamcdn-a.akamaihd.net/steam/apps/275850/ss_4943fff4921ad1b679ce4ad0e6b8664073bd37e6.600x338.jpg?t=1532455499', N'https://steamcdn-a.akamaihd.net/steam/apps/275850/ss_3fde2998d3bc62e61e1f56d9880e60f0dea5aef6.600x338.jpg?t=1532455499', N'https://steamcdn-a.akamaihd.net/steam/apps/275850/ss_02323a8bbddf26c3395edf0e1dfb81a08e7d9f1c.600x338.jpg?t=1532455499', N'https://steamcdn-a.akamaihd.net/steam/apps/275850/ss_b8ee19d152e2b1752f051b84fd488c08e986168e.600x338.jpg?t=1532455499', 1, 2)
GO
INSERT [dbo].[Product] ([ProductID], [ProductPrice], [ProductName], [ProductQuantity], [ProductDesc], [Rating], [LinkIMG1], [LinkIMG2], [LinkIMG3], [LinkIMG4], [LinkIMG5], [GenreID], [ConsolesID]) VALUES (39, CAST(21 AS Numeric(12, 0)), N'Tunic', 1, N'Explore a land filled with lost legends, ancient powers, and ferocious monsters in TUNIC, an isometric action game about a small fox on a big adventure.
', 5, N'https://steamcdn-a.akamaihd.net/steam/apps/553420/header.jpg', N'https://cdn.akamai.steamstatic.com/steam/apps/553420/ss_9c0184ba83022786f74f4a70ebae5c47d2a3c35c.600x338.jpg?t=1647476841', N'https://cdn.akamai.steamstatic.com/steam/apps/553420/ss_5fc49d3c5fa34b0d0e6b6a5621f9062bec7ac4d7.600x338.jpg?t=1647476841', N'https://cdn.akamai.steamstatic.com/steam/apps/553420/ss_04ac7db623d3e88751134eb87f5c465c392fa108.600x338.jpg?t=1647476841', N'https://cdn.akamai.steamstatic.com/steam/apps/553420/ss_cce46eba03270e47fab2f955ec148c43f71fdb49.600x338.jpg?t=1647476841', 1, 1)
GO
INSERT [dbo].[Product] ([ProductID], [ProductPrice], [ProductName], [ProductQuantity], [ProductDesc], [Rating], [LinkIMG1], [LinkIMG2], [LinkIMG3], [LinkIMG4], [LinkIMG5], [GenreID], [ConsolesID]) VALUES (40, CAST(38 AS Numeric(12, 0)), N'Monster Hunter Rise', 1, N'Rise to the challenge and join the hunt! In Monster Hunter Rise, the latest installment in the award-winning and top-selling Monster Hunter series, you’ll become a hunter, explore brand new maps and use a variety of weapons to take down fearsome monsters as part of an all-new storyline.
', 5, N'https://steamcdn-a.akamaihd.net/steam/apps/1446780/header.jpg', N'https://cdn.akamai.steamstatic.com/steam/apps/1446780/ss_f8249da14987e3c2d10fd4024736f28774c713da.600x338.jpg?t=1642034396', N'https://cdn.akamai.steamstatic.com/steam/apps/1446780/ss_25686086b61ca88a859bc20d588682be92ab4d63.600x338.jpg?t=1642034396', N'https://cdn.akamai.steamstatic.com/steam/apps/1446780/ss_d8d96313f1049c800d37a3fc521f06f926fca3ac.600x338.jpg?t=1642034396', N'https://cdn.akamai.steamstatic.com/steam/apps/1446780/ss_961c552a99c5c64689bebf0e272b13c80947f644.600x338.jpg?t=1642034396', 1, 4)
GO
INSERT [dbo].[Product] ([ProductID], [ProductPrice], [ProductName], [ProductQuantity], [ProductDesc], [Rating], [LinkIMG1], [LinkIMG2], [LinkIMG3], [LinkIMG4], [LinkIMG5], [GenreID], [ConsolesID]) VALUES (41, CAST(3 AS Numeric(12, 0)), N'God Of War', 1, N'His vengeance against the Gods of Olympus years behind him, Kratos now lives as a man in the realm of Norse Gods and monsters. It is in this harsh, unforgiving world that he must fight to survive… and teach his son to do the same.
', 5, N'https://steamcdn-a.akamaihd.net/steam/apps/1593500/header.jpg', N'https://cdn.akamai.steamstatic.com/steam/apps/1593500/ss_6eccc970b5de2943546d93d319be1b5c0618f21b.600x338.jpg?t=1634748823', N'https://cdn.akamai.steamstatic.com/steam/apps/1593500/ss_f1bff24d3967a21d303d95e11ed892e3d9113057.600x338.jpg?t=1634748823', N'https://cdn.akamai.steamstatic.com/steam/apps/1593500/ss_3670ba72c7e3e9c3c3225547ef2c1053504e62b8.600x338.jpg?t=1634748823', N'https://cdn.akamai.steamstatic.com/steam/apps/1593500/ss_93a3ca63aa2cd8c675bbb6430324ee3f2d44b845.600x338.jpg?t=1634748823', 1, 2)
GO
INSERT [dbo].[Product] ([ProductID], [ProductPrice], [ProductName], [ProductQuantity], [ProductDesc], [Rating], [LinkIMG1], [LinkIMG2], [LinkIMG3], [LinkIMG4], [LinkIMG5], [GenreID], [ConsolesID]) VALUES (42, CAST(14 AS Numeric(12, 0)), N'Dying Light 2 Stay Human', 1, N'The virus won and civilization has fallen back to the Dark Ages. The City, one of the last human settlements, is on the brink of collapse. Use your agility and combat skills to survive, and reshape the world. Your choices matter.
', 4, N'https://steamcdn-a.akamaihd.net/steam/apps/534380/header.jpg', N'https://cdn.akamai.steamstatic.com/steam/apps/534380/ss_0ecb51b7f46b67ea48d0615124d9e134d7098cf8.600x338.jpg?t=1622150420', N'https://cdn.akamai.steamstatic.com/steam/apps/534380/ss_6f01caca9af07032a22f16712f180c7e7ab0a1a3.600x338.jpg?t=1622150420', N'https://cdn.akamai.steamstatic.com/steam/apps/534380/ss_7721c3ab326828a313893bceae8a044678af18c0.600x338.jpg?t=1622150420', N'https://cdn.akamai.steamstatic.com/steam/apps/534380/ss_52e3cef35d9b57bac517b6f26439769cc7156215.600x338.jpg?t=1622150420', 1, 2)
GO
INSERT [dbo].[Product] ([ProductID], [ProductPrice], [ProductName], [ProductQuantity], [ProductDesc], [Rating], [LinkIMG1], [LinkIMG2], [LinkIMG3], [LinkIMG4], [LinkIMG5], [GenreID], [ConsolesID]) VALUES (43, CAST(65 AS Numeric(12, 0)), N'Cyberpunk 2077', 1, N'Cyberpunk 2077 is an open-world, action-adventure RPG set in the dark future of Night City — a dangerous megalopolis obsessed with power, glamor, and ceaseless body modification.
', 4, N'https://steamcdn-a.akamaihd.net/steam/apps/1091500/header.jpg', N'https://steamcdn-a.akamaihd.net/steam/apps/1091500/ss_02c0b551bd16ddcc13c71dac5b10a4f511a74334.600x338.jpg?t=1560112218', N'https://steamcdn-a.akamaihd.net/steam/apps/1091500/ss_9a2c615a865b06e6e452fe015385a6dc60207bb1.600x338.jpg?t=1560112218', N'https://steamcdn-a.akamaihd.net/steam/apps/1091500/ss_9c1e3faff513ab3e5ef3cd2f8a80bdbf50f229c4.600x338.jpg?t=1560112218', N'https://steamcdn-a.akamaihd.net/steam/apps/1091500/ss_1daf4cb17a36f9b01206ab2420ca1969379f3c34.600x338.jpg?t=1560112218', 1, 2)
GO
INSERT [dbo].[Product] ([ProductID], [ProductPrice], [ProductName], [ProductQuantity], [ProductDesc], [Rating], [LinkIMG1], [LinkIMG2], [LinkIMG3], [LinkIMG4], [LinkIMG5], [GenreID], [ConsolesID]) VALUES (44, CAST(76 AS Numeric(12, 0)), N'Tales Of Arise', 1, N'300 years of tyranny. A mysterious mask. Lost pain and memories. Wield the Blazing Sword and join a mysterious, untouchable girl to fight your oppressors. Experience a tale of liberation, featuring characters with next-gen graphical expressiveness!
', 3, N'https://steamcdn-a.akamaihd.net/steam/apps/740130/header.jpg', N'https://cdn.akamai.steamstatic.com/steam/apps/740130/ss_ff3e713e134572734fdc55adcb6043e2652f0506.600x338.jpg?t=1631226870', N'https://cdn.akamai.steamstatic.com/steam/apps/740130/ss_3ca8447106ddb23b14e4e30db0b24cbb359e2a5f.600x338.jpg?t=1631226870', N'https://cdn.akamai.steamstatic.com/steam/apps/740130/ss_7f7362042aff89d16cdf36c58b8c5674deb71d63.600x338.jpg?t=1631226870', N'https://cdn.akamai.steamstatic.com/steam/apps/740130/ss_f14d3e50d12061fee9afa2f46718bc0e0538d286.600x338.jpg?t=1631226870', 1, 2)
GO
INSERT [dbo].[Product] ([ProductID], [ProductPrice], [ProductName], [ProductQuantity], [ProductDesc], [Rating], [LinkIMG1], [LinkIMG2], [LinkIMG3], [LinkIMG4], [LinkIMG5], [GenreID], [ConsolesID]) VALUES (45, CAST(25 AS Numeric(12, 0)), N'Sekiro Shadow Dies Twice', 1, N'Game of the Year - The Game Awards 2019 Best Action Game of 2019 - IGN Carve your own clever path to vengeance in the award winning adventure from developer FromSoftware, creators of Bloodborne and the Dark Souls series. Take Revenge. Restore Your Honor. Kill Ingeniously.
', 5, N'https://steamcdn-a.akamaihd.net/steam/apps/814380/header.jpg', N'https://steamcdn-a.akamaihd.net/steam/apps/814380/ss_fb360495e610e44538d38b8b792e1efdf5a730c0.600x338.jpg?t=1576898087', N'https://steamcdn-a.akamaihd.net/steam/apps/814380/ss_285c1a69bda8182e5c52598d59259f1681b42e5c.600x338.jpg?t=1576898087', N'https://steamcdn-a.akamaihd.net/steam/apps/814380/ss_552bf9e99b3682d75c01ca4a55ba426e85f3b621.600x338.jpg?t=1576898087', N'https://steamcdn-a.akamaihd.net/steam/apps/814380/ss_2036ad636be8fa2c4bf926004f369bb97490350a.600x338.jpg?t=1576898087', 1, 1)
GO
INSERT [dbo].[Product] ([ProductID], [ProductPrice], [ProductName], [ProductQuantity], [ProductDesc], [Rating], [LinkIMG1], [LinkIMG2], [LinkIMG3], [LinkIMG4], [LinkIMG5], [GenreID], [ConsolesID]) VALUES (46, CAST(38 AS Numeric(12, 0)), N'Dark Souls 3', 1, N'Dark Souls continues to push the boundaries with the latest, ambitious chapter in the critically-acclaimed and genre-defining series. Prepare yourself and Embrace The Darkness!
', 5, N'https://steamcdn-a.akamaihd.net/steam/apps/374320/header.jpg', N'https://steamcdn-a.akamaihd.net/steam/apps/374320/ss_5efd318b85a3917d1c6e717f4cb813b47547cd6f.600x338.jpg?t=1538593076', N'https://steamcdn-a.akamaihd.net/steam/apps/374320/ss_1c0fa39091901496d77cf4cecfea4ffb056d6452.600x338.jpg?t=1538593076', N'https://steamcdn-a.akamaihd.net/steam/apps/374320/ss_1318a04ef11d87f38aebe6d47a96124f8f888ca8.600x338.jpg?t=1538593076', N'https://steamcdn-a.akamaihd.net/steam/apps/374320/ss_61524dee9ebf72d462638f21adbbbea4c93d791d.600x338.jpg?t=1538593076', 1, 1)
GO
INSERT [dbo].[Product] ([ProductID], [ProductPrice], [ProductName], [ProductQuantity], [ProductDesc], [Rating], [LinkIMG1], [LinkIMG2], [LinkIMG3], [LinkIMG4], [LinkIMG5], [GenreID], [ConsolesID]) VALUES (47, CAST(89 AS Numeric(12, 0)), N'Nioh 2', 1, N'Battle hordes of yokai in this masocore Action RPG. Create your protagonist and embark on an adventure through a myriad of locales across Japan during the Sengoku period. Utilize the new Yokai Shift ability to defeat even the most ferocious yokai and be prepared to brave through Dark Realms created by 
', 4, N'https://steamcdn-a.akamaihd.net/steam/apps/1325200/header.jpg', N'https://steamcdn-a.akamaihd.net/steam/apps/1325200/ss_c8ad5efb3acdb4099f77b8b611289e2aa00cd19c.600x338.jpg?t=1605488928', N'https://steamcdn-a.akamaihd.net/steam/apps/1325200/ss_bb996dea7ada75409e8c328b4f60e1f262e165d9.600x338.jpg?t=1605488928', N'https://steamcdn-a.akamaihd.net/steam/apps/1325200/ss_7fcca74473ea2678e90ee4cff018392007b8f1c0.600x338.jpg?t=1605488928', N'https://steamcdn-a.akamaihd.net/steam/apps/1325200/ss_bdb077e9fcfabe5eca01571b8fd1bdbf03440d68.600x338.jpg?t=1605488928', 1, 3)
GO
INSERT [dbo].[Product] ([ProductID], [ProductPrice], [ProductName], [ProductQuantity], [ProductDesc], [Rating], [LinkIMG1], [LinkIMG2], [LinkIMG3], [LinkIMG4], [LinkIMG5], [GenreID], [ConsolesID]) VALUES (48, CAST(54 AS Numeric(12, 0)), N'Horizon Zero Dawn', 1, N'Experience Aloy’s legendary quest to unravel the mysteries of a future Earth ruled by Machines. Use devastating tactical attacks against your prey and explore a majestic open world in this award-winning action RPG!
', 5, N'https://steamcdn-a.akamaihd.net/steam/apps/1151640/header.jpg', N'https://steamcdn-a.akamaihd.net/steam/apps/1151640/ss_d09106060fb7de8bf342c23df18b14debc8a15a3.600x338.jpg?t=1593788592', N'https://steamcdn-a.akamaihd.net/steam/apps/1151640/ss_271f850eec3f96b22aa17be35b948268e0771c7f.600x338.jpg?t=1593788592', N'https://steamcdn-a.akamaihd.net/steam/apps/1151640/ss_15f5759c441e4e5f51e1a8ee333e4ab9df9aa783.600x338.jpg?t=1593788592', N'https://steamcdn-a.akamaihd.net/steam/apps/1151640/ss_f7cf51f1ccd909264f2c5814f328e3f72e7b62bd.600x338.jpg?t=1593788592', 1, 2)
GO
INSERT [dbo].[Product] ([ProductID], [ProductPrice], [ProductName], [ProductQuantity], [ProductDesc], [Rating], [LinkIMG1], [LinkIMG2], [LinkIMG3], [LinkIMG4], [LinkIMG5], [GenreID], [ConsolesID]) VALUES (49, CAST(14 AS Numeric(12, 0)), N'FINAL FANTASY VII REMAKE INTERGRADE', 1, N'Cloud Strife, an ex-SOLDIER operative, descends on the mako-powered city of Midgar. The world of the timeless classic FINAL FANTASY VII is reborn, using cutting-edge graphics technology, a new battle system and an additional adventure featuring Yuffie Kisaragi.
', 4, N'https://steamcdn-a.akamaihd.net/steam/apps/1462040/header.jpg', N'https://cdn.akamai.steamstatic.com/steam/apps/1462040/ss_20a352a2c20dd4bfb08fa131dc4c2e763510f584.600x338.jpg?t=1655449232', N'https://cdn.akamai.steamstatic.com/steam/apps/1462040/ss_55903e74751601e42fb7f858d5c07ec048386ce2.600x338.jpg?t=1655449232', N'https://cdn.akamai.steamstatic.com/steam/apps/1462040/ss_ac55306d00923f2902de20bb5ade7f9cc190e8cf.600x338.jpg?t=1655449232', N'https://cdn.akamai.steamstatic.com/steam/apps/1462040/ss_6e30290a5de36f3274a11bd6c78f077c9e489115.600x338.jpg?t=1655449232', 1, 2)
GO
INSERT [dbo].[Product] ([ProductID], [ProductPrice], [ProductName], [ProductQuantity], [ProductDesc], [Rating], [LinkIMG1], [LinkIMG2], [LinkIMG3], [LinkIMG4], [LinkIMG5], [GenreID], [ConsolesID]) VALUES (50, CAST(3 AS Numeric(12, 0)), N'Tiny Tina''s Wonderlands', 1, N'Embark on an epic adventure full of whimsy, wonder, and high-powered weaponry! Roll your own multiclass hero then shoot, loot, slash, and cast on a quest to stop the Dragon Lord.
', 5, N'https://steamcdn-a.akamaihd.net/steam/apps/1286680/header.jpg', N'https://cdn.akamai.steamstatic.com/steam/apps/1286680/ss_e7499467fb6dbff279fdffd96ec380b157c5791a.600x338.jpg?t=1656007269', N'https://cdn.akamai.steamstatic.com/steam/apps/1286680/ss_9eec41e5b6d47e4a63fb7f0a0eed4819baeee4f5.600x338.jpg?t=1656007269', N'https://cdn.akamai.steamstatic.com/steam/apps/1286680/ss_24bef9c08e3f51b99030dd7972312fc7628f29aa.600x338.jpg?t=1656007269', N'https://cdn.akamai.steamstatic.com/steam/apps/1286680/ss_ca4fd814a118de1f7cc0ce8c944e9885a58f20f2.600x338.jpg?t=1656007269', 1, 2)
GO
ALTER TABLE [dbo].[Cart]  WITH CHECK ADD FOREIGN KEY([CheckoutID])
REFERENCES [dbo].[Checkout] ([CheckoutID])
GO
ALTER TABLE [dbo].[Cart]  WITH CHECK ADD FOREIGN KEY([ProductID])
REFERENCES [dbo].[Product] ([ProductID])
GO
ALTER TABLE [dbo].[Checkout]  WITH CHECK ADD FOREIGN KEY([UserID])
REFERENCES [dbo].[Users] ([UserID])
GO
ALTER TABLE [dbo].[Product]  WITH CHECK ADD FOREIGN KEY([ConsolesID])
REFERENCES [dbo].[Consoles] ([ConsolesID])
GO
ALTER TABLE [dbo].[Product]  WITH CHECK ADD FOREIGN KEY([GenreID])
REFERENCES [dbo].[Genre] ([GenreID])
GO
